0,0
0.000001,0
0.002,0
0.002001,5250
1.002,5250
1.002,7500
1.051999,7500
1.052,1200
1.101999,1200
1.102,7500
1.151999,7500
1.152,1200
1.201999,1200
1.202,7500
1.251999,7500
1.252,1200
1.301999,1200
1.302,7500
1.351999,7500
1.352,1200
1.401999,1200
1.402,7500
1.451999,7500
1.452,1200
1.501999,1200
1.502,7500
1.551999,7500
1.552,1200
1.601999,1200
1.602,7500
1.651999,7500
1.652,1200
1.701999,1200
1.702,7500
1.751999,7500
1.752,1200
1.801999,1200
1.802,7500
1.851999,7500
1.852,1200
1.901999,1200
1.902,7500
1.951999,7500
1.952,1200
2.001999,1200
2.002,7500
2.051999,7500
2.052,1200
2.101999,1200
2.102,7500
2.151999,7500
2.152,1200
2.201999,1200
2.202,7500
2.251999,7500
2.252,1200
2.301999,1200
2.302,7500
2.351999,7500
2.352,1200
2.401999,1200
2.402,7500
2.451999,7500
2.452,1200
2.501999,1200
2.502,7500
2.551999,7500
2.552,1200
2.601999,1200
2.602,7500
2.651999,7500
2.652,1200
2.701999,1200
2.702,7500
2.751999,7500
2.752,1200
2.801999,1200
2.802,7500
2.851999,7500
2.852,1200
2.901999,1200
2.902,7500
2.951999,7500
2.952,1200
3.001999,1200
3.002,7500
3.051999,7500
3.052,1200
3.101999,1200
3.102,7500
3.151999,7500
3.152,1200
3.201999,1200
3.202,7500
3.251999,7500
3.252,1200
3.301999,1200
3.302,7500
3.351999,7500
3.352,1200
3.401999,1200
3.402,7500
3.451999,7500
3.452,1200
3.501999,1200
3.502,7500
3.551999,7500
3.552,1200
3.601999,1200
3.602,7500
3.651999,7500
3.652,1200
3.701999,1200
3.702,7500
3.751999,7500
3.752,1200
3.801999,1200
3.802,7500
3.851999,7500
3.852,1200
3.901999,1200
3.902,7500
3.951999,7500
3.952,1200
4.001999,1200
4.002,7500
4.051999,7500
4.052,1200
4.101999,1200
4.102,7500
4.151999,7500
4.152,1200
4.201999,1200
4.202,7500
4.251999,7500
4.252,1200
4.301999,1200
4.302,7500
4.351999,7500
4.352,1200
4.401999,1200
4.402,7500
4.451999,7500
4.452,1200
4.501999,1200
4.502,7500
4.551999,7500
4.552,1200
4.601999,1200
4.602,7500
4.651999,7500
4.652,1200
4.701999,1200
4.702,7500
4.751999,7500
4.752,1200
4.801999,1200
4.802,7500
4.851999,7500
4.852,1200
4.901999,1200
4.902,7500
4.951999,7500
4.952,1200
5.001999,1200
5.002,7500
5.051999,7500
5.052,1200
5.101999,1200
5.102,7500
5.151999,7500
5.152,1200
5.201999,1200
5.202,7500
5.251999,7500
5.252,1200
5.301999,1200
5.302,7500
5.351999,7500
5.352,1200
5.401999,1200
5.402,7500
5.451999,7500
5.452,1200
5.501999,1200
5.502,7500
5.551999,7500
5.552,1200
5.601999,1200
5.602,7500
5.651999,7500
5.652,1200
5.701999,1200
5.702,7500
5.751999,7500
5.752,1200
5.801999,1200
5.802,7500
5.851999,7500
5.852,1200
5.901999,1200
5.902,7500
5.951999,7500
5.952,1200
6.001999,1200
6.002,7500
6.051999,7500
6.052,1200
6.101999,1200
6.102,7500
6.151999,7500
6.152,1200
6.201999,1200
6.202,7500
6.251999,7500
6.252,1200
6.301999,1200
6.302,7500
6.351999,7500
6.352,1200
6.401999,1200
6.402,7500
6.451999,7500
6.452,1200
6.501999,1200
6.502,7500
6.551999,7500
6.552,1200
6.601999,1200
6.602,7500
6.651999,7500
6.652,1200
6.701999,1200
6.702,7500
6.751999,7500
6.752,1200
6.801999,1200
6.802,7500
6.851999,7500
6.852,1200
6.901999,1200
6.902,7500
6.951999,7500
6.952,1200
7.001999,1200
7.002,7500
7.051999,7500
7.052,1200
7.101999,1200
7.102,7500
7.151999,7500
7.152,1200
7.201999,1200
7.202,7500
7.251999,7500
7.252,1200
7.301999,1200
7.302,7500
7.351999,7500
7.352,1200
7.401999,1200
7.402,7500
7.451999,7500
7.452,1200
7.501999,1200
7.502,7500
7.551999,7500
7.552,1200
7.601999,1200
7.602,7500
7.651999,7500
7.652,1200
7.701999,1200
7.702,7500
7.751999,7500
7.752,1200
7.801999,1200
7.802,7500
7.851999,7500
7.852,1200
7.901999,1200
7.902,7500
7.951999,7500
7.952,1200
8.001999,1200
8.002,7500
8.051999,7500
8.052,1200
8.101999,1200
8.102,7500
8.151999,7500
8.152,1200
8.201999,1200
8.202,7500
8.251999,7500
8.252,1200
8.301999,1200
8.302,7500
8.351999,7500
8.352,1200
8.401999,1200
8.402,7500
8.451999,7500
8.452,1200
8.501999,1200
8.502,7500
8.551999,7500
8.552,1200
8.601999,1200
8.602,7500
8.651999,7500
8.652,1200
8.701999,1200
8.702,7500
8.751999,7500
8.752,1200
8.801999,1200
8.802,7500
8.851999,7500
8.852,1200
8.901999,1200
8.902,7500
8.951999,7500
8.952,1200
9.001999,1200
9.002,7500
9.051999,7500
9.052,1200
9.101999,1200
9.102,7500
9.151999,7500
9.152,1200
9.201999,1200
9.202,7500
9.251999,7500
9.252,1200
9.301999,1200
9.302,7500
9.351999,7500
9.352,1200
9.401999,1200
9.402,7500
9.451999,7500
9.452,1200
9.501999,1200
9.502,7500
9.551999,7500
9.552,1200
9.601999,1200
9.602,7500
9.651999,7500
9.652,1200
9.701999,1200
9.702,7500
9.751999,7500
9.752,1200
9.801999,1200
9.802,7500
9.851999,7500
9.852,1200
9.901999,1200
9.902,7500
9.951999,7500
9.952,1200
10.001999,1200
10.002,7500
10.051999,7500
10.052,1200
10.101999,1200
10.102,7500
10.151999,7500
10.152,1200
10.201999,1200
10.202,7500
10.251999,7500
10.252,1200
10.301999,1200
10.302,7500
10.351999,7500
10.352,1200
10.401999,1200
10.402,7500
10.451999,7500
10.452,1200
10.501999,1200
10.502,7500
10.551999,7500
10.552,1200
10.601999,1200
10.602,7500
10.651999,7500
10.652,1200
10.701999,1200
10.702,7500
10.751999,7500
10.752,1200
10.801999,1200
10.802,7500
10.851999,7500
10.852,1200
10.901999,1200
10.902,7500
10.951999,7500
10.952,1200
11.001999,1200
11.002,7500
11.051999,7500
11.052,1200
11.101999,1200
11.102,7500
11.151999,7500
11.152,1200
11.201999,1200
11.202,7500
11.251999,7500
11.252,1200
11.301999,1200
11.302,7500
11.351999,7500
11.352,1200
11.401999,1200
11.402,7500
11.451999,7500
11.452,1200
11.501999,1200
11.502,7500
11.551999,7500
11.552,1200
11.601999,1200
11.602,7500
11.651999,7500
11.652,1200
11.701999,1200
11.702,7500
11.751999,7500
11.752,1200
11.801999,1200
11.802,7500
11.851999,7500
11.852,1200
11.901999,1200
11.902,7500
11.951999,7500
11.952,1200
12.001999,1200
12.002,7500
12.051999,7500
12.052,1200
12.101999,1200
12.102,7500
12.151999,7500
12.152,1200
12.201999,1200
12.202,7500
12.251999,7500
12.252,1200
12.301999,1200
12.302,7500
12.351999,7500
12.352,1200
12.401999,1200
12.402,7500
12.451999,7500
12.452,1200
12.501999,1200
12.502,7500
12.551999,7500
12.552,1200
12.601999,1200
12.602,7500
12.651999,7500
12.652,1200
12.701999,1200
12.702,7500
12.751999,7500
12.752,1200
12.801999,1200
12.802,7500
12.851999,7500
12.852,1200
12.901999,1200
12.902,7500
12.951999,7500
12.952,1200
13.001999,1200
13.002,7500
13.051999,7500
13.052,1200
13.101999,1200
13.102,7500
13.151999,7500
13.152,1200
13.201999,1200
13.202,7500
13.251999,7500
13.252,1200
13.301999,1200
13.302,7500
13.351999,7500
13.352,1200
13.401999,1200
13.402,7500
13.451999,7500
13.452,1200
13.501999,1200
13.502,7500
13.551999,7500
13.552,1200
13.601999,1200
13.602,7500
13.651999,7500
13.652,1200
13.701999,1200
13.702,7500
13.751999,7500
13.752,1200
13.801999,1200
13.802,7500
13.851999,7500
13.852,1200
13.901999,1200
13.902,7500
13.951999,7500
13.952,1200
14.001999,1200
14.002,7500
14.051999,7500
14.052,1200
14.101999,1200
14.102,7500
14.151999,7500
14.152,1200
14.201999,1200
14.202,7500
14.251999,7500
14.252,1200
14.301999,1200
14.302,7500
14.351999,7500
14.352,1200
14.401999,1200
14.402,7500
14.451999,7500
14.452,1200
14.501999,1200
14.502,7500
14.551999,7500
14.552,1200
14.601999,1200
14.602,7500
14.651999,7500
14.652,1200
14.701999,1200
14.702,7500
14.751999,7500
14.752,1200
14.801999,1200
14.802,7500
14.851999,7500
14.852,1200
14.901999,1200
14.902,7500
14.951999,7500
14.952,1200
15.001999,1200
15.002,7500
15.051999,7500
15.052,1200
15.101999,1200
15.102,7500
15.151999,7500
15.152,1200
15.201999,1200
15.202,7500
15.251999,7500
15.252,1200
15.301999,1200
15.302,7500
15.351999,7500
15.352,1200
15.401999,1200
15.402,7500
15.451999,7500
15.452,1200
15.501999,1200
15.502,7500
15.551999,7500
15.552,1200
15.601999,1200
15.602,7500
15.651999,7500
15.652,1200
15.701999,1200
15.702,7500
15.751999,7500
15.752,1200
15.801999,1200
15.802,7500
15.851999,7500
15.852,1200
15.901999,1200
15.902,7500
15.951999,7500
15.952,1200
16.001999,1200
16.002,7500
16.051999,7500
16.052,1200
16.101999,1200
16.102,7500
16.151999,7500
16.152,1200
16.201999,1200
16.202,7500
16.251999,7500
16.252,1200
16.301999,1200
16.302,7500
16.351999,7500
16.352,1200
16.401999,1200
16.402,7500
16.451999,7500
16.452,1200
16.501999,1200
16.502,7500
16.551999,7500
16.552,1200
16.601999,1200
16.602,7500
16.651999,7500
16.652,1200
16.701999,1200
16.702,7500
16.751999,7500
16.752,1200
16.801999,1200
16.802,7500
16.851999,7500
16.852,1200
16.901999,1200
16.902,7500
16.951999,7500
16.952,1200
17.001999,1200
17.002,7500
17.051999,7500
17.052,1200
17.101999,1200
17.102,7500
17.151999,7500
17.152,1200
17.201999,1200
17.202,7500
17.251999,7500
17.252,1200
17.301999,1200
17.302,7500
17.351999,7500
17.352,1200
17.401999,1200
17.402,7500
17.451999,7500
17.452,1200
17.501999,1200
17.502,7500
17.551999,7500
17.552,1200
17.601999,1200
17.602,7500
17.651999,7500
17.652,1200
17.701999,1200
17.702,7500
17.751999,7500
17.752,1200
17.801999,1200
17.802,7500
17.851999,7500
17.852,1200
17.901999,1200
17.902,7500
17.951999,7500
17.952,1200
18.001999,1200
18.002,7500
18.051999,7500
18.052,1200
18.101999,1200
18.102,7500
18.151999,7500
18.152,1200
18.201999,1200
18.202,7500
18.251999,7500
18.252,1200
18.301999,1200
18.302,7500
18.351999,7500
18.352,1200
18.401999,1200
18.402,7500
18.451999,7500
18.452,1200
18.501999,1200
18.502,7500
18.551999,7500
18.552,1200
18.601999,1200
18.602,7500
18.651999,7500
18.652,1200
18.701999,1200
18.702,7500
18.751999,7500
18.752,1200
18.801999,1200
18.802,7500
18.851999,7500
18.852,1200
18.901999,1200
18.902,7500
18.951999,7500
18.952,1200
19.001999,1200
19.002,7500
19.051999,7500
19.052,1200
19.101999,1200
19.102,7500
19.151999,7500
19.152,1200
19.201999,1200
19.202,7500
19.251999,7500
19.252,1200
19.301999,1200
19.302,7500
19.351999,7500
19.352,1200
19.401999,1200
19.402,7500
19.451999,7500
19.452,1200
19.501999,1200
19.502,7500
19.551999,7500
19.552,1200
19.601999,1200
19.602,7500
19.651999,7500
19.652,1200
19.701999,1200
19.702,7500
19.751999,7500
19.752,1200
19.801999,1200
19.802,7500
19.851999,7500
19.852,1200
19.901999,1200
19.902,7500
19.951999,7500
19.952,1200
20.001999,1200
20.002,7500
20.051999,7500
20.052,1200
20.101999,1200
20.102,7500
20.151999,7500
20.152,1200
20.201999,1200
20.202,7500
20.251999,7500
20.252,1200
20.301999,1200
20.302,7500
20.351999,7500
20.352,1200
20.401999,1200
20.402,7500
20.451999,7500
20.452,1200
20.501999,1200
20.502,7500
20.551999,7500
20.552,1200
20.601999,1200
20.602,7500
20.651999,7500
20.652,1200
20.701999,1200
20.702,7500
20.751999,7500
20.752,1200
20.801999,1200
20.802,7500
20.851999,7500
20.852,1200
20.901999,1200
20.902,7500
20.951999,7500
20.952,1200
21.001999,1200
21.002,7500
21.051999,7500
21.052,1200
21.101999,1200
21.102,7500
21.151999,7500
21.152,1200
21.201999,1200
21.202,7500
21.251999,7500
21.252,1200
21.301999,1200
21.302,7500
21.351999,7500
21.352,1200
21.401999,1200
21.402,7500
21.451999,7500
21.452,1200
21.501999,1200
21.502,7500
21.551999,7500
21.552,1200
21.601999,1200
21.602,7500
21.651999,7500
21.652,1200
21.701999,1200
21.702,7500
21.751999,7500
21.752,1200
21.801999,1200
21.802,7500
21.851999,7500
21.852,1200
21.901999,1200
21.902,7500
21.951999,7500
21.952,1200
22.001999,1200
22.002,7500
22.051999,7500
22.052,1200
22.101999,1200
22.102,7500
22.151999,7500
22.152,1200
22.201999,1200
22.202,7500
22.251999,7500
22.252,1200
22.301999,1200
22.302,7500
22.351999,7500
22.352,1200
22.401999,1200
22.402,7500
22.451999,7500
22.452,1200
22.501999,1200
22.502,7500
22.551999,7500
22.552,1200
22.601999,1200
22.602,7500
22.651999,7500
22.652,1200
22.701999,1200
22.702,7500
22.751999,7500
22.752,1200
22.801999,1200
22.802,7500
22.851999,7500
22.852,1200
22.901999,1200
22.902,7500
22.951999,7500
22.952,1200
23.001999,1200
23.002,7500
23.051999,7500
23.052,1200
23.101999,1200
23.102,7500
23.151999,7500
23.152,1200
23.201999,1200
23.202,7500
23.251999,7500
23.252,1200
23.301999,1200
23.302,7500
23.351999,7500
23.352,1200
23.401999,1200
23.402,7500
23.451999,7500
23.452,1200
23.501999,1200
23.502,7500
23.551999,7500
23.552,1200
23.601999,1200
23.602,7500
23.651999,7500
23.652,1200
23.701999,1200
23.702,7500
23.751999,7500
23.752,1200
23.801999,1200
23.802,7500
23.851999,7500
23.852,1200
23.901999,1200
23.902,7500
23.951999,7500
23.952,1200
24.001999,1200
24.002,7500
24.051999,7500
24.052,1200
24.101999,1200
24.102,7500
24.151999,7500
24.152,1200
24.201999,1200
24.202,7500
24.251999,7500
24.252,1200
24.301999,1200
24.302,7500
24.351999,7500
24.352,1200
24.401999,1200
24.402,7500
24.451999,7500
24.452,1200
24.501999,1200
24.502,7500
24.551999,7500
24.552,1200
24.601999,1200
24.602,7500
24.651999,7500
24.652,1200
24.701999,1200
24.702,7500
24.751999,7500
24.752,1200
24.801999,1200
24.802,7500
24.851999,7500
24.852,1200
24.901999,1200
24.902,7500
24.951999,7500
24.952,1200
25.001999,1200
25.002,7500
25.051999,7500
25.052,1200
25.101999,1200
25.102,7500
25.151999,7500
25.152,1200
25.201999,1200
25.202,7500
25.251999,7500
25.252,1200
25.301999,1200
25.302,7500
25.351999,7500
25.352,1200
25.401999,1200
25.402,7500
25.451999,7500
25.452,1200
25.501999,1200
25.502,7500
25.551999,7500
25.552,1200
25.601999,1200
25.602,7500
25.651999,7500
25.652,1200
25.701999,1200
25.702,7500
25.751999,7500
25.752,1200
25.801999,1200
25.802,7500
25.851999,7500
25.852,1200
25.901999,1200
25.902,7500
25.951999,7500
25.952,1200
26.001999,1200
26.002,7500
26.051999,7500
26.052,1200
26.101999,1200
26.102,7500
26.151999,7500
26.152,1200
26.201999,1200
26.202,7500
26.251999,7500
26.252,1200
26.301999,1200
26.302,7500
26.351999,7500
26.352,1200
26.401999,1200
26.402,7500
26.451999,7500
26.452,1200
26.501999,1200
26.502,7500
26.551999,7500
26.552,1200
26.601999,1200
26.602,7500
26.651999,7500
26.652,1200
26.701999,1200
26.702,7500
26.751999,7500
26.752,1200
26.801999,1200
26.802,7500
26.851999,7500
26.852,1200
26.901999,1200
26.902,7500
26.951999,7500
26.952,1200
27.001999,1200
27.002,7500
27.051999,7500
27.052,1200
27.101999,1200
27.102,7500
27.151999,7500
27.152,1200
27.201999,1200
27.202,7500
27.251999,7500
27.252,1200
27.301999,1200
27.302,7500
27.351999,7500
27.352,1200
27.401999,1200
27.402,7500
27.451999,7500
27.452,1200
27.501999,1200
27.502,7500
27.551999,7500
27.552,1200
27.601999,1200
27.602,7500
27.651999,7500
27.652,1200
27.701999,1200
27.702,7500
27.751999,7500
27.752,1200
27.801999,1200
27.802,7500
27.851999,7500
27.852,1200
27.901999,1200
27.902,7500
27.951999,7500
27.952,1200
28.001999,1200
28.002,7500
28.051999,7500
28.052,1200
28.101999,1200
28.102,7500
28.151999,7500
28.152,1200
28.201999,1200
28.202,7500
28.251999,7500
28.252,1200
28.301999,1200
28.302,7500
28.351999,7500
28.352,1200
28.401999,1200
28.402,7500
28.451999,7500
28.452,1200
28.501999,1200
28.502,7500
28.551999,7500
28.552,1200
28.601999,1200
28.602,7500
28.651999,7500
28.652,1200
28.701999,1200
28.702,7500
28.751999,7500
28.752,1200
28.801999,1200
28.802,7500
28.851999,7500
28.852,1200
28.901999,1200
28.902,7500
28.951999,7500
28.952,1200
29.001999,1200
29.002,7500
29.051999,7500
29.052,1200
29.101999,1200
29.102,7500
29.151999,7500
29.152,1200
29.201999,1200
29.202,7500
29.251999,7500
29.252,1200
29.301999,1200
29.302,7500
29.351999,7500
29.352,1200
29.401999,1200
29.402,7500
29.451999,7500
29.452,1200
29.501999,1200
29.502,7500
29.551999,7500
29.552,1200
29.601999,1200
29.602,7500
29.651999,7500
29.652,1200
29.701999,1200
29.702,7500
29.751999,7500
29.752,1200
29.801999,1200
29.802,7500
29.851999,7500
29.852,1200
29.901999,1200
29.902,7500
29.951999,7500
29.952,1200
30.001999,1200
30.002,7500
30.051999,7500
30.052,1200
30.101999,1200
30.102,7500
30.151999,7500
30.152,1200
30.201999,1200
30.202,7500
30.251999,7500
30.252,1200
30.301999,1200
30.302,7500
30.351999,7500
30.352,1200
30.401999,1200
30.402,7500
30.451999,7500
30.452,1200
30.501999,1200
30.502,7500
30.551999,7500
30.552,1200
30.601999,1200
30.602,7500
30.651999,7500
30.652,1200
30.701999,1200
30.702,7500
30.751999,7500
30.752,1200
30.801999,1200
30.802,7500
30.851999,7500
30.852,1200
30.901999,1200
30.902,7500
30.951999,7500
30.952,1200
31.001999,1200
31.002,7500
31.051999,7500
31.052,1200
31.101999,1200
31.102,7500
31.151999,7500
31.152,1200
31.201999,1200
31.202,7500
31.251999,7500
31.252,1200
31.301999,1200
31.302,7500
31.351999,7500
31.352,1200
31.401999,1200
31.402,7500
31.451999,7500
31.452,1200
31.501999,1200
31.502,7500
31.551999,7500
31.552,1200
31.601999,1200
31.602,7500
31.651999,7500
31.652,1200
31.701999,1200
31.702,7500
31.751999,7500
31.752,1200
31.801999,1200
31.802,7500
31.851999,7500
31.852,1200
31.901999,1200
31.902,7500
31.951999,7500
31.952,1200
32.001999,1200
32.002,7500
32.051999,7500
32.052,1200
32.101999,1200
32.102,7500
32.151999,7500
32.152,1200
32.201999,1200
32.202,7500
32.251999,7500
32.252,1200
32.301999,1200
32.302,7500
32.351999,7500
32.352,1200
32.401999,1200
32.402,7500
32.451999,7500
32.452,1200
32.501999,1200
32.502,7500
32.551999,7500
32.552,1200
32.601999,1200
32.602,7500
32.651999,7500
32.652,1200
32.701999,1200
32.702,7500
32.751999,7500
32.752,1200
32.801999,1200
32.802,7500
32.851999,7500
32.852,1200
32.901999,1200
32.902,7500
32.951999,7500
32.952,1200
33.001999,1200
33.002,7500
33.051999,7500
33.052,1200
33.101999,1200
33.102,7500
33.151999,7500
33.152,1200
33.201999,1200
33.202,7500
33.251999,7500
33.252,1200
33.301999,1200
33.302,7500
33.351999,7500
33.352,1200
33.401999,1200
33.402,7500
33.451999,7500
33.452,1200
33.501999,1200
33.502,7500
33.551999,7500
33.552,1200
33.601999,1200
33.602,7500
33.651999,7500
33.652,1200
33.701999,1200
33.702,7500
33.751999,7500
33.752,1200
33.801999,1200
33.802,7500
33.851999,7500
33.852,1200
33.901999,1200
33.902,7500
33.951999,7500
33.952,1200
34.001999,1200
34.002,7500
34.051999,7500
34.052,1200
34.101999,1200
34.102,7500
34.151999,7500
34.152,1200
34.201999,1200
34.202,7500
34.251999,7500
34.252,1200
34.301999,1200
34.302,7500
34.351999,7500
34.352,1200
34.401999,1200
34.402,7500
34.451999,7500
34.452,1200
34.501999,1200
34.502,7500
34.551999,7500
34.552,1200
34.601999,1200
34.602,7500
34.651999,7500
34.652,1200
34.701999,1200
34.702,7500
34.751999,7500
34.752,1200
34.801999,1200
34.802,7500
34.851999,7500
34.852,1200
34.901999,1200
34.902,7500
34.951999,7500
34.952,1200
35.001999,1200
35.002,7500
35.051999,7500
35.052,1200
35.101999,1200
35.102,7500
35.151999,7500
35.152,1200
35.201999,1200
35.202,7500
35.251999,7500
35.252,1200
35.301999,1200
35.302,7500
35.351999,7500
35.352,1200
35.401999,1200
35.402,7500
35.451999,7500
35.452,1200
35.501999,1200
35.502,7500
35.551999,7500
35.552,1200
35.601999,1200
35.602,7500
35.651999,7500
35.652,1200
35.701999,1200
35.702,7500
35.751999,7500
35.752,1200
35.801999,1200
35.802,7500
35.851999,7500
35.852,1200
35.901999,1200
35.902,7500
35.951999,7500
35.952,1200
36.001999,1200
36.002,7500
36.051999,7500
36.052,1200
36.101999,1200
36.102,7500
36.151999,7500
36.152,1200
36.201999,1200
36.202,7500
36.251999,7500
36.252,1200
36.301999,1200
36.302,7500
36.351999,7500
36.352,1200
36.401999,1200
36.402,7500
36.451999,7500
36.452,1200
36.501999,1200
36.502,7500
36.551999,7500
36.552,1200
36.601999,1200
36.602,7500
36.651999,7500
36.652,1200
36.701999,1200
36.702,7500
36.751999,7500
36.752,1200
36.801999,1200
36.802,7500
36.851999,7500
36.852,1200
36.901999,1200
36.902,7500
36.951999,7500
36.952,1200
37.001999,1200
37.002,7500
37.051999,7500
37.052,1200
37.101999,1200
37.102,7500
37.151999,7500
37.152,1200
37.201999,1200
37.202,7500
37.251999,7500
37.252,1200
37.301999,1200
37.302,7500
37.351999,7500
37.352,1200
37.401999,1200
37.402,7500
37.451999,7500
37.452,1200
37.501999,1200
37.502,7500
37.551999,7500
37.552,1200
37.601999,1200
37.602,7500
37.651999,7500
37.652,1200
37.701999,1200
37.702,7500
37.751999,7500
37.752,1200
37.801999,1200
37.802,7500
37.851999,7500
37.852,1200
37.901999,1200
37.902,7500
37.951999,7500
37.952,1200
38.001999,1200
38.002,7500
38.051999,7500
38.052,1200
38.101999,1200
38.102,7500
38.151999,7500
38.152,1200
38.201999,1200
38.202,7500
38.251999,7500
38.252,1200
38.301999,1200
38.302,7500
38.351999,7500
38.352,1200
38.401999,1200
38.402,7500
38.451999,7500
38.452,1200
38.501999,1200
38.502,7500
38.551999,7500
38.552,1200
38.601999,1200
38.602,7500
38.651999,7500
38.652,1200
38.701999,1200
38.702,7500
38.751999,7500
38.752,1200
38.801999,1200
38.802,7500
38.851999,7500
38.852,1200
38.901999,1200
38.902,7500
38.951999,7500
38.952,1200
39.001999,1200
39.002,7500
39.051999,7500
39.052,1200
39.101999,1200
39.102,7500
39.151999,7500
39.152,1200
39.201999,1200
39.202,7500
39.251999,7500
39.252,1200
39.301999,1200
39.302,7500
39.351999,7500
39.352,1200
39.401999,1200
39.402,7500
39.451999,7500
39.452,1200
39.501999,1200
39.502,7500
39.551999,7500
39.552,1200
39.601999,1200
39.602,7500
39.651999,7500
39.652,1200
39.701999,1200
39.702,7500
39.751999,7500
39.752,1200
39.801999,1200
39.802,7500
39.851999,7500
39.852,1200
39.901999,1200
39.902,7500
39.951999,7500
39.952,1200
40.001999,1200
40.002,7500
40.051999,7500
40.052,1200
40.101999,1200
40.102,7500
40.151999,7500
40.152,1200
40.201999,1200
40.202,7500
40.251999,7500
40.252,1200
40.301999,1200
40.302,7500
40.351999,7500
40.352,1200
40.401999,1200
40.402,7500
40.451999,7500
40.452,1200
40.501999,1200
40.502,7500
40.551999,7500
40.552,1200
40.601999,1200
40.602,7500
40.651999,7500
40.652,1200
40.701999,1200
40.702,7500
40.751999,7500
40.752,1200
40.801999,1200
40.802,7500
40.851999,7500
40.852,1200
40.901999,1200
40.902,7500
40.951999,7500
40.952,1200
41.001999,1200
41.002,7500
41.051999,7500
41.052,1200
41.101999,1200
41.102,7500
41.151999,7500
41.152,1200
41.201999,1200
41.202,7500
41.251999,7500
41.252,1200
41.301999,1200
41.302,7500
41.351999,7500
41.352,1200
41.401999,1200
41.402,7500
41.451999,7500
41.452,1200
41.501999,1200
41.502,7500
41.551999,7500
41.552,1200
41.601999,1200
41.602,7500
41.651999,7500
41.652,1200
41.701999,1200
41.702,7500
41.751999,7500
41.752,1200
41.801999,1200
41.802,7500
41.851999,7500
41.852,1200
41.901999,1200
41.902,7500
41.951999,7500
41.952,1200
42.001999,1200
42.002,7500
42.051999,7500
42.052,1200
42.101999,1200
42.102,7500
42.151999,7500
42.152,1200
42.201999,1200
42.202,7500
42.251999,7500
42.252,1200
42.301999,1200
42.302,7500
42.351999,7500
42.352,1200
42.401999,1200
42.402,7500
42.451999,7500
42.452,1200
42.501999,1200
42.502,7500
42.551999,7500
42.552,1200
42.601999,1200
42.602,7500
42.651999,7500
42.652,1200
42.701999,1200
42.702,7500
42.751999,7500
42.752,1200
42.801999,1200
42.802,7500
42.851999,7500
42.852,1200
42.901999,1200
42.902,7500
42.951999,7500
42.952,1200
43.001999,1200
43.002,7500
43.051999,7500
43.052,1200
43.101999,1200
43.102,7500
43.151999,7500
43.152,1200
43.201999,1200
43.202,7500
43.251999,7500
43.252,1200
43.301999,1200
43.302,7500
43.351999,7500
43.352,1200
43.401999,1200
43.402,7500
43.451999,7500
43.452,1200
43.501999,1200
43.502,7500
43.551999,7500
43.552,1200
43.601999,1200
43.602,7500
43.651999,7500
43.652,1200
43.701999,1200
43.702,7500
43.751999,7500
43.752,1200
43.801999,1200
43.802,7500
43.851999,7500
43.852,1200
43.901999,1200
43.902,7500
43.951999,7500
43.952,1200
44.001999,1200
44.002,7500
44.051999,7500
44.052,1200
44.101999,1200
44.102,7500
44.151999,7500
44.152,1200
44.201999,1200
44.202,7500
44.251999,7500
44.252,1200
44.301999,1200
44.302,7500
44.351999,7500
44.352,1200
44.401999,1200
44.402,7500
44.451999,7500
44.452,1200
44.501999,1200
44.502,7500
44.551999,7500
44.552,1200
44.601999,1200
44.602,7500
44.651999,7500
44.652,1200
44.701999,1200
44.702,7500
44.751999,7500
44.752,1200
44.801999,1200
44.802,7500
44.851999,7500
44.852,1200
44.901999,1200
44.902,7500
44.951999,7500
44.952,1200
45.001999,1200
45.002,7500
45.051999,7500
45.052,1200
45.101999,1200
45.102,7500
45.151999,7500
45.152,1200
45.201999,1200
45.202,7500
45.251999,7500
45.252,1200
45.301999,1200
45.302,7500
45.351999,7500
45.352,1200
45.401999,1200
45.402,7500
45.451999,7500
45.452,1200
45.501999,1200
45.502,7500
45.551999,7500
45.552,1200
45.601999,1200
45.602,7500
45.651999,7500
45.652,1200
45.701999,1200
45.702,7500
45.751999,7500
45.752,1200
45.801999,1200
45.802,7500
45.851999,7500
45.852,1200
45.901999,1200
45.902,7500
45.951999,7500
45.952,1200
46.001999,1200
46.002,7500
46.051999,7500
46.052,1200
46.101999,1200
46.102,7500
46.151999,7500
46.152,1200
46.201999,1200
46.202,7500
46.251999,7500
46.252,1200
46.301999,1200
46.302,7500
46.351999,7500
46.352,1200
46.401999,1200
46.402,7500
46.451999,7500
46.452,1200
46.501999,1200
46.502,7500
46.551999,7500
46.552,1200
46.601999,1200
46.602,7500
46.651999,7500
46.652,1200
46.701999,1200
46.702,7500
46.751999,7500
46.752,1200
46.801999,1200
46.802,7500
46.851999,7500
46.852,1200
46.901999,1200
46.902,7500
46.951999,7500
46.952,1200
47.001999,1200
47.002,7500
47.051999,7500
47.052,1200
47.101999,1200
47.102,7500
47.151999,7500
47.152,1200
47.201999,1200
47.202,7500
47.251999,7500
47.252,1200
47.301999,1200
47.302,7500
47.351999,7500
47.352,1200
47.401999,1200
47.402,7500
47.451999,7500
47.452,1200
47.501999,1200
47.502,7500
47.551999,7500
47.552,1200
47.601999,1200
47.602,7500
47.651999,7500
47.652,1200
47.701999,1200
47.702,7500
47.751999,7500
47.752,1200
47.801999,1200
47.802,7500
47.851999,7500
47.852,1200
47.901999,1200
47.902,7500
47.951999,7500
47.952,1200
48.001999,1200
48.002,7500
48.051999,7500
48.052,1200
48.101999,1200
48.102,7500
48.151999,7500
48.152,1200
48.201999,1200
48.202,7500
48.251999,7500
48.252,1200
48.301999,1200
48.302,7500
48.351999,7500
48.352,1200
48.401999,1200
48.402,7500
48.451999,7500
48.452,1200
48.501999,1200
48.502,7500
48.551999,7500
48.552,1200
48.601999,1200
48.602,7500
48.651999,7500
48.652,1200
48.701999,1200
48.702,7500
48.751999,7500
48.752,1200
48.801999,1200
48.802,7500
48.851999,7500
48.852,1200
48.901999,1200
48.902,7500
48.951999,7500
48.952,1200
49.001999,1200
49.002,7500
49.051999,7500
49.052,1200
49.101999,1200
49.102,7500
49.151999,7500
49.152,1200
49.201999,1200
49.202,7500
49.251999,7500
49.252,1200
49.301999,1200
49.302,7500
49.351999,7500
49.352,1200
49.401999,1200
49.402,7500
49.451999,7500
49.452,1200
49.501999,1200
49.502,7500
49.551999,7500
49.552,1200
49.601999,1200
49.602,7500
49.651999,7500
49.652,1200
49.701999,1200
49.702,7500
49.751999,7500
49.752,1200
49.801999,1200
49.802,7500
49.851999,7500
49.852,1200
49.901999,1200
49.902,7500
49.951999,7500
49.952,1200
50.001999,1200
50.002,7500
50.051999,7500
50.052,1200
50.101999,1200
50.102,7500
50.151999,7500
50.152,1200
50.201999,1200
50.202,7500
50.251999,7500
50.252,1200
50.301999,1200
50.302,7500
50.351999,7500
50.352,1200
50.401999,1200
50.402,7500
50.451999,7500
50.452,1200
50.501999,1200
50.502,7500
50.551999,7500
50.552,1200
50.601999,1200
50.602,7500
50.651999,7500
50.652,1200
50.701999,1200
50.702,7500
50.751999,7500
50.752,1200
50.801999,1200
50.802,7500
50.851999,7500
50.852,1200
50.901999,1200
50.902,7500
50.951999,7500
50.952,1200
51.002,1200
56.002,1200
